Name,Gender,Religion,BloodGroup,DateOfBirth,JoiningDate,Qualification,MobileNo,PresentAddress,PermanentAddress,Email,Password
Cobbie Caraher,Male,Buddhism,A-,2022-08-08,2023-04-29,SSCE,854-591-9172,9 Ryan Center,03640 Waxwing Park,ccaraher0@blogspot.com,S24i9rqz
Caresa Ranson,Female,Christianity,AB+,2022-07-18,2023-04-29,SSCE,600-226-0862,20973 Wayridge Parkway,8461 Luster Park,cranson1@blogs.com,5NY4RFdU
Emanuele Heisham,Male,Islam,AB+,2023-01-09,2023-04-29,NCE,218-210-0405,6 Swallow Place,82728 Village Green Plaza,eheisham2@apache.org,zdWqtFDgTE
Romy Lothean,Female,Hinduism,O-,2022-12-18,2023-04-29,NCE,948-380-7794,35 Elmside Avenue,3 Dunning Pass,rlothean3@163.com,cDPMsKMv5
Manuel Savege,Male,Judaism,AB-,2023-02-11,2023-04-29,SSCE,839-321-9913,0685 Mandrake Pass,227 Luster Way,msavege4@telegraph.co.uk,vdZL0WYMWR9N
Elsa Varey,Female,Christianity,O+,2022-12-30,2023-04-29,SSCE,736-948-3458,931 Main Crossing,6279 Laurel Place,evarey5@myspace.com,nbkH68V3
Yancey Draye,Male,Judaism,O+,2022-10-13,2023-04-29,Bsc.,355-119-1638,13858 Fordem Terrace,86 Talisman Drive,ydraye6@wikimedia.org,45MswZ7DBS
Desiri Lorden,Female,Islam,O+,2022-12-31,2023-04-29,PhD,976-469-0421,75 Farmco Park,4605 Debs Center,dlorden7@unblog.fr,sU4YlDOQ0br5
Rheba Kalf,Female,Islam,O+,2022-12-30,2023-04-29,Msc.,222-595-9755,2 Fairfield Court,74672 Derek Terrace,rkalf8@purevolume.com,OUU2DlsbkE
Ollie Stair,Male,Judaism,B+,2022-04-30,2023-04-29,Bsc.,627-668-1759,1809 Bellgrove Place,17892 Lyons Point,ostair9@home.pl,IdUPdcl8
Gasparo Timson,Male,Christianity,AB+,2022-08-18,2023-04-29,Bsc.,349-485-4181,945 Ilene Trail,63397 Del Mar Park,gtimsona@mysql.com,zVd4OzXkO
Noam Hackly,Male,Islam,AB+,2022-08-05,2023-04-29,SSCE,787-483-5960,21530 Center Place,92 Corry Hill,nhacklyb@mashable.com,mRj3WLf
Kathryne Yewdell,Female,Judaism,AB+,2023-04-03,2023-04-29,NCE,573-401-1216,320 Glendale Center,74 Tennyson Park,kyewdellc@mozilla.org,18Y43ysCdY
Binni England,Female,Buddhism,B+,2022-09-13,2023-04-29,SSCE,781-422-2182,15772 Thierer Park,226 Melody Way,benglandd@ycombinator.com,QEPfSR
Jamaal Bewicke,Polygender,Islam,B-,2022-05-30,2023-04-29,HND,644-420-8419,880 Cherokee Court,53873 Goodland Plaza,jbewickee@networkadvertising.org,73EEHbq5
Diannne Edser,Female,Buddhism,B-,2022-11-06,2023-04-29,OND,770-555-4987,5 Namekagon Road,46244 Memorial Lane,dedserf@wix.com,aMX5RdVWFou9
Teodoro Heasley,Male,Islam,B-,2022-06-28,2023-04-29,Bsc.,690-386-7168,63802 Stuart Place,6 Vidon Pass,theasleyg@gnu.org,678uI31
Huntington Hindrick,Male,Islam,B+,2022-04-29,2023-04-29,Bsc.,201-360-2308,66143 Butternut Plaza,60 Mitchell Center,hhindrickh@hexun.com,DXhg5nBTP3
Orville Anscombe,Male,Islam,O-,2022-12-27,2023-04-29,OND,111-747-3207,625 Cardinal Way,12404 Maple Way,oanscombei@nyu.edu,wpDHxh
Karoline Jephcott,Female,Hinduism,B-,2022-06-04,2023-04-29,HND,572-993-0915,2 Autumn Leaf Drive,920 Del Mar Road,kjephcottj@washingtonpost.com,l7e8uzAa1
